Status,CL,PR
F,1.6282109058134295,1.3537629562866156
NF,5.834526650755768,6.457438345266508
PF,3.8755821689953427,3.8988689288090486
